Title,Company,Location,Tags,Salary Min,Salary Max,Date Posted,Apply URL,Country,Salary Range
Senior Backend Engineer Studio AI,Creative Fabrica,,"golang, technical, dev, senior, engineer, backend, digital nomad",0,0,2026-06-18,https://remoteOK.com/remote-jobs/remote-senior-backend-engineer-studio-ai-creative-fabrica-1133667,Not Specified,Not Mentioned
Graphic Designer,Swoon,"New York, New York, United States","hr, virtual assistant, medical, customer support, amazon, dev, speech, math, content writing, excel, recruiter, full time, non tech, digital nomad, education, exec, legal, web3, crypto, blockchain, design, marketing, finance, video, ops, social media, admin, designer, photoshop, sales, ads, illustrator",0,0,2026-06-18,https://remoteOK.com/remote-jobs/remote-graphic-designer-swoon-1133676,United States,Not Mentioned
VP Strategic Customer Programs,Karbon,"Chicago, Chicago, Illinois, United States","data entry, virtual assistant, customer support, non tech, exec, education, technical, marketing, travel, adult, video, senior, ops, sales, recruiter, saas, dev, accounting, cloud, golang, medical, engineer, digital nomad",0,0,2026-06-18,https://remoteOK.com/remote-jobs/remote-vp-strategic-customer-programs-karbon-1133685,United States,Not Mentioned
VP GM East &amp; Control,"Mast-JÃ¤germeister US, Inc.","White Plains, White Plains, New York, United States","hr, virtual assistant, medical, customer support, amazon, dev, speech, math, content writing, excel, recruiter, full time, non tech, digital nomad, education, exec, legal, web3, crypto, blockchain, design, marketing, finance, video, ops, social media, admin, designer, photoshop, sales, ads, illustrator, vfx, consulting, technical, junior, salesforce, travel",0,0,2026-06-18,https://remoteOK.com/remote-jobs/remote-vp-gm-east-amp-control-mast-jagermeister-us-inc-1133678,United States,Not Mentioned
Scrum Master,Blackstone Talent Group,Dallas-Fort Worth Metroplex,"hr, virtual assistant, medical, customer support, amazon, dev, speech, math, content writing, excel, recruiter, full time, non tech, digital nomad, education, exec, legal, web3, crypto, blockchain, design, marketing, finance, video, ops, social media, admin, designer, photoshop, sales, ads, illustrator, vfx, consulting, technical, junior, salesforce, travel, scrum, jira, senior",0,0,2026-06-18,https://remoteOK.com/remote-jobs/remote-scrum-master-blackstone-talent-group-1133679,Dallas-Fort Worth Metroplex,Not Mentioned
Social Media Manager,Crypto.com,"Dallas, Dallas, Texas, United States","hr, virtual assistant, medical, customer support, amazon, dev, speech, math, content writing, excel, recruiter, full time, non tech, digital nomad, education, exec, legal, web3, crypto, blockchain, design, marketing, finance, video, ops, social media",0,0,2026-06-18,https://remoteOK.com/remote-jobs/remote-social-media-manager-crypto-com-1133674,United States,Not Mentioned
Executive Assistant,"Spriggs Excavation, Inc.",,"exec, content writing, junior, marketing, legal, golang, virtual assistant, design, hr, technical, customer support, copywriting, accounting, video, c, excel, full time, digital nomad, analyst, salesforce, consulting, dev, speech, microsoft, ops, sales, medical, data entry, saas, react, sys admin, senior, recruiter, designer, infosec, finance, part time",0,0,2026-06-18,https://remoteOK.com/remote-jobs/remote-executive-assistant-spriggs-excavation-inc-1133581,Not Specified,Not Mentioned
Social Content Designer & Producer,Josie Maran,"Remote, ","exec, content writing, junior, marketing, legal, golang, virtual assistant, design, hr, technical, customer support, copywriting, accounting, video, c, excel, full time, digital nomad, analyst, salesforce, consulting, dev, speech, microsoft, ops, sales, medical, data entry, saas, react, sys admin, senior, recruiter, designer",0,0,2026-06-18,https://remoteOK.com/remote-jobs/remote-social-content-designer-producer-josie-maran-1133579,Not Specified,Not Mentioned
Business Development Representative,Zyte,,bus dev,0,0,2026-06-18,https://remoteOK.com/remote-jobs/remote-business-development-representative-zyte-1133572,Not Specified,Not Mentioned
Interested future Corporate positions,Weedmaps,"Irvine, Irvine, California, United States","hr, virtual assistant, medical, customer support, amazon, dev, speech, math, content writing, excel, recruiter, full time, non tech, digital nomad, education, exec, legal",0,0,2026-06-17,https://remoteOK.com/remote-jobs/remote-interested-future-corporate-positions-weedmaps-1133673,United States,Not Mentioned
Executive Assistant,GrowthAssistant,"Philippines, ","exec, customer support, dev, travel, finance, ops, full time, digital nomad, virtual assistant, education, marketing, video, microsoft, excel, data entry, front end, design, react, web dev, javascript, css, html, git, typescript, angular, engineer, backend",0,0,2026-06-17,https://remoteOK.com/remote-jobs/remote-executive-assistant-growthassistant-1133569,Not Specified,Not Mentioned
Data Entry Specialist,Somewhere,"India, ","exec, customer support, dev, travel, finance, ops, full time, digital nomad, virtual assistant, education, marketing, video, microsoft, excel, data entry",0,0,2026-06-17,https://remoteOK.com/remote-jobs/remote-data-entry-specialist-somewhere-1133567,Not Specified,Not Mentioned
Data Entry,Smart IT Frame LLC,"Texas, Texas, United States","exec, content writing, junior, marketing, legal, golang, virtual assistant, design, hr, technical, customer support, copywriting, accounting, video, c, excel, full time, digital nomad, analyst, salesforce, consulting, dev, speech, microsoft, ops, sales, medical, data entry",0,0,2026-06-17,https://remoteOK.com/remote-jobs/remote-data-entry-smart-it-frame-llc-1133577,United States,Not Mentioned
Help Desk,Zenius Corporation,"Colorado, ","hr, virtual assistant, medical, customer support, amazon, dev, speech, math, content writing, excel, recruiter, full time, non tech, digital nomad, education, exec, legal, web3, crypto, blockchain, design, marketing, finance, video, ops, social media, admin, designer, photoshop, sales, ads, illustrator, vfx, consulting, technical, junior, salesforce, travel, scrum, jira, senior, saas, sys admin, testing, web dev, cloud",0,0,2026-06-17,https://remoteOK.com/remote-jobs/remote-help-desk-zenius-corporation-1133680,Not Specified,Not Mentioned
Scrum Master,SIRITECH SOLUTIONS CORP,"United States, ","senior, exec, social media, part time, teaching, full time, music, coordinator, customer support, scheme, marketing, medical, virtual assistant, embedded, hr, sys admin, education, content writing, ops, recruiter, data entry, dev, excel, sales, golang, ecommerce, digital nomad, design, designer, web dev, video, ads, payroll, infosec, finance, cloud, microsoft, scrum, jira",0,0,2026-06-17,https://remoteOK.com/remote-jobs/remote-scrum-master-siritech-solutions-corp-1133563,Not Specified,Not Mentioned
Payroll Specialist,Elevate LLC,,"senior, exec, social media, part time, teaching, full time, music, coordinator, customer support, scheme, marketing, medical, virtual assistant, embedded, hr, sys admin, education, content writing, ops, recruiter, data entry, dev, excel, sales, golang, ecommerce, digital nomad, design, designer, web dev, video, ads, payroll, infosec, finance, cloud, microsoft",0,0,2026-06-17,https://remoteOK.com/remote-jobs/remote-payroll-specialist-elevate-llc-1133562,Not Specified,Not Mentioned
Document Specialist,CapitexAI,,"senior, exec, social media, part time, teaching, full time, music, coordinator, customer support, scheme, marketing, medical, virtual assistant, embedded, hr, sys admin, education, content writing, ops, recruiter, data entry, dev, excel, sales, golang, ecommerce, digital nomad",0,0,2026-06-17,https://remoteOK.com/remote-jobs/remote-document-specialist-capitexai-1133559,Not Specified,Not Mentioned
Sales Representative State and Local Education,NOBLE,"Washington, Washington, United States","data entry, virtual assistant, customer support, non tech, exec, education, technical, marketing, travel, adult, video, senior, ops, sales, recruiter, saas, dev, accounting, cloud, golang, medical, engineer, digital nomad, salesforce, infosec",0,0,2026-06-17,https://remoteOK.com/remote-jobs/remote-sales-representative-state-and-local-education-noble-1133686,United States,Not Mentioned
Data Entry Clerk,DigiHyre,"San Jose, San Jose, California, United States","senior, exec, social media, part time, teaching, full time, music, coordinator, customer support, scheme, marketing, medical, virtual assistant, embedded, hr, sys admin, education, content writing, ops, recruiter, data entry, dev, excel, sales, golang, ecommerce, digital nomad",0,0,2026-06-17,https://remoteOK.com/remote-jobs/remote-data-entry-clerk-digihyre-1133558,United States,Not Mentioned
Payroll &amp; HRIS Coordinator,Sangoma,"Sarasota, Sarasota, Florida, United States","senior, exec, social media, part time, teaching, full time, music, coordinator, customer support, scheme, marketing, medical, virtual assistant, embedded, hr, sys admin, education, content writing, ops, recruiter, data entry, dev, excel, sales, golang, ecommerce, digital nomad, design, designer, web dev, video, ads, payroll, infosec, finance, cloud, microsoft",0,0,2026-06-17,https://remoteOK.com/remote-jobs/remote-payroll-amp-hris-coordinator-sangoma-1133561,United States,Not Mentioned
Designer Freelance,Interactive Strategies,"District of Columbia, District of Columbia, United States","senior, exec, social media, part time, teaching, full time, music, coordinator, customer support, scheme, marketing, medical, virtual assistant, embedded, hr, sys admin, education, content writing, ops, recruiter, data entry, dev, excel, sales, golang, ecommerce, digital nomad, design, designer, web dev, video, ads",0,0,2026-06-17,https://remoteOK.com/remote-jobs/remote-designer-freelance-interactive-strategies-1133560,United States,Not Mentioned
Junior Admin Assistant,VITA CV,"UK Wide, ","writer, strategy, customer support, marketing, seo, exec, content writing, ops, stats, sys admin, engineer, saas, teaching, technical, dev, quality assurance, junior, golang, digital nomad, coordinator, admin, medical, virtual assistant, part time",0,0,2026-06-17,https://remoteOK.com/remote-jobs/remote-junior-admin-assistant-vita-cv-1133542,Not Specified,Not Mentioned
Care Coordinator & Administrator,Ortus Health,"United Kingdom, ","writer, strategy, customer support, marketing, seo, exec, content writing, ops, stats, sys admin, engineer, saas, teaching, technical, dev, quality assurance, junior, golang, digital nomad, coordinator, admin, medical",0,0,2026-06-17,https://remoteOK.com/remote-jobs/remote-care-coordinator-administrator-ortus-health-1133541,Not Specified,Not Mentioned
Entry Level Administrative Assistant,RecruitLytixs Hires,"Ø§ÙÙØ¯ÙÙØ©, Ø§ÙÙØ¯ÙÙØ© Ø§ÙÙØ¯ÙÙØ© Ø§ÙØ³Ø¹ÙØ¯ÙØ©","exec, customer support, dev, travel, finance, ops, full time, digital nomad, virtual assistant, education, marketing, video, microsoft, excel",0,0,2026-06-17,https://remoteOK.com/remote-jobs/remote-entry-level-administrative-assistant-recruitlytixs-hires-1133566,المدينة المدينة السعودية,Not Mentioned
Operations Support Manager,The Chartered Institute for Securities &amp; Investment (The CISI),"Ø§ÙØ±ÙØ§Ø¶, Ø§ÙØ±ÙØ§Ø¶ Ø§ÙØ³Ø¹ÙØ¯ÙØ©","exec, customer support, dev, travel, finance, ops, full time, digital nomad",0,0,2026-06-17,https://remoteOK.com/remote-jobs/remote-operations-support-manager-the-chartered-institute-for-securities-amp-investment-the-cisi-1133565,الرياض السعودية,Not Mentioned
Scheduling Coordinator,Classet,,"sys admin, exec, content writing, ops, marketing, bus dev, sales, customer support, travel, education, medical, full time, technical, coordinator",0,0,2026-06-17,https://remoteOK.com/remote-jobs/remote-scheduling-coordinator-classet-1133535,Not Specified,Not Mentioned
Junior Customer Success Representative,Mission Inbox,"Belgrade, Belgrade, Serbia","writer, strategy, customer support, marketing, seo, exec, content writing, ops, stats, sys admin, engineer, saas, teaching, technical, dev, quality assurance, junior, golang, digital nomad",0,0,2026-06-17,https://remoteOK.com/remote-jobs/remote-junior-customer-success-representative-mission-inbox-1133540,Serbia,Not Mentioned
Business Development Representative,Bucket Listers,"New York, New York, New York, United States","sys admin, exec, content writing, ops, marketing, bus dev, sales",0,0,2026-06-17,https://remoteOK.com/remote-jobs/remote-business-development-representative-bucket-listers-1133532,United States,Not Mentioned
Content & Social Media Executive,Work Force Nexus,UK,"education, writer, customer support, dev, finance, scheme, microsoft, exec, content writing, medical, engineer, digital nomad, design, ops, sales, hr, teaching, copywriting, marketing, social media",0,0,2026-06-17,https://remoteOK.com/remote-jobs/remote-content-social-media-executive-work-force-nexus-1133530,UK,Not Mentioned
Creative Copywriter,Deadpan ð ð¬,,"education, writer, customer support, dev, finance, scheme, microsoft, exec, content writing, medical, engineer, digital nomad, design, ops, sales, hr, teaching, copywriting, marketing",0,0,2026-06-17,https://remoteOK.com/remote-jobs/remote-creative-copywriter-deadpan-1133529,Not Specified,Not Mentioned
Pharmacovigilance Associate Position,"Puma Biotechnology, Inc.","Los Angeles, Los Angeles, California, United States","sys admin, exec, content writing, ops, marketing, bus dev, sales, customer support, travel, education, medical, full time",0,0,2026-06-17,https://remoteOK.com/remote-jobs/remote-pharmacovigilance-associate-position-puma-biotechnology-inc-1133533,United States,Not Mentioned
Customer Support Specialist Shopbop,Shopbop,"Colorado, Colorado, United States","hr, virtual assistant, medical, customer support, amazon, dev, speech, math, content writing, excel, recruiter, full time, non tech, digital nomad",0,0,2026-06-17,https://remoteOK.com/remote-jobs/remote-customer-support-specialist-shopbop-shopbop-1133672,United States,Not Mentioned
Lead Software Engineer Ads,Jane Technologies,"Santa Cruz, California","dev, design, sys admin, technical, testing, marketing, java, cloud, ads, exec, content writing, golang, medical, engineer, ecommerce, digital nomad",0,0,2026-06-17,https://remoteOK.com/remote-jobs/remote-lead-software-engineer-ads-jane-technologies-1133519,California,Not Mentioned
Junior Project Designer,Archinect,"Hoboken, ","hr, virtual assistant, medical, customer support, amazon, dev, speech, math, content writing, excel, recruiter, full time, non tech, digital nomad, education, exec, legal, web3, crypto, blockchain, design, marketing, finance, video, ops, social media, admin, designer, photoshop, sales, ads, illustrator, vfx, consulting, technical, junior",0,0,2026-06-17,https://remoteOK.com/remote-jobs/remote-junior-project-designer-archinect-1133677,Not Specified,Not Mentioned
Capital Planning Analyst,PBG,"Washington, Washington, District of Columbia, United States","exec, content writing, junior, marketing, legal, golang, virtual assistant, design, hr, technical, customer support, copywriting, accounting, video, c, excel, full time, digital nomad, analyst, salesforce, consulting, dev, speech, microsoft, ops, sales, medical, data entry, saas, react, sys admin, senior, recruiter, designer, infosec, finance",0,0,2026-06-16,https://remoteOK.com/remote-jobs/remote-capital-planning-analyst-pbg-1133580,United States,Not Mentioned
Program Manager,PBG,"Washington, Washington, District of Columbia, United States","consulting, senior, payroll, admin, design, coordinator, strategy, customer support, marketing, travel, speech, video, seo, exec, content writing, stats, social media, digital nomad, testing, accounting, finance, ops, excel, sales, medical, ecommerce, full time, project manager, jira, embedded, technical, education, microsoft, golang, part time, hr, dev, infosec",0,0,2026-06-16,https://remoteOK.com/remote-jobs/remote-program-manager-pbg-1133517,United States,Not Mentioned
Customer Support Agent,C Teleport,"Rotterdam, Rotterdam, Zuid-Holland, Nederland","exec, design, customer support, finance, c, senior, marketing, sales, golang, digital nomad, python, dev, sys admin, infosec, education, architecture, docker, technical, cloud, nosql, mongo, medical, engineer, backend, travel",0,0,2026-06-16,https://remoteOK.com/remote-jobs/remote-customer-support-agent-c-teleport-1133593,Nederland,Not Mentioned
Director of Commercial Operations,Curaleaf International,Blackpool Area,"education, writer, customer support, dev, finance, scheme, microsoft, exec, content writing, medical, engineer, digital nomad, design, ops, sales",0,0,2026-06-16,https://remoteOK.com/remote-jobs/remote-director-of-commercial-operations-curaleaf-international-1133527,Blackpool Area,Not Mentioned
Medical Writer,Lumanity,"London, London, England, United Kingdom","education, writer, customer support, dev, finance, scheme, microsoft, exec, content writing, medical, engineer, digital nomad",0,0,2026-06-16,https://remoteOK.com/remote-jobs/remote-medical-writer-lumanity-1133526,United Kingdom,Not Mentioned
Front End Developer Fresher,ZYPHRA TECH,Greater Visakhapatnam Area,"exec, customer support, dev, travel, finance, ops, full time, digital nomad, virtual assistant, education, marketing, video, microsoft, excel, data entry, front end, design, react, web dev, javascript, css, html, git, typescript, angular, engineer, backend",0,0,2026-06-16,https://remoteOK.com/remote-jobs/remote-front-end-developer-fresher-zyphra-tech-1133568,Greater Visakhapatnam Area,Not Mentioned
Business Development Representative MARCORSYSCOM,NOBLE,"Quantico, Quantico, Virginia, United States","exec, content writing, junior, marketing, legal, golang, virtual assistant, design, hr, technical, customer support, copywriting, accounting, video, c, excel, full time, digital nomad, analyst, salesforce, consulting, dev, speech, microsoft, ops, sales, medical, data entry, saas, react, sys admin, senior, recruiter, designer, infosec, finance, part time, front end, education, travel, bus dev, engineer",0,0,2026-06-16,https://remoteOK.com/remote-jobs/remote-business-development-representative-marcorsyscom-noble-1133582,United States,Not Mentioned
Customer Support Representative,Dario,"Gurugram, Gurugram, Haryana, India","exec, marketing, customer support, design, salesforce, technical, web dev, mobile, medical, digital nomad",0,0,2026-06-16,https://remoteOK.com/remote-jobs/remote-customer-support-representative-dario-1133522,India,Not Mentioned
24 HR Review VA Virtual Receptionist,OnlineJobs.PH,"Fairfax County, ","consulting, senior, payroll, admin, design, coordinator, strategy, customer support, marketing, travel, speech, video, seo, exec, content writing, stats, social media, digital nomad, testing, accounting, finance, ops, excel, sales, medical, ecommerce, full time, project manager, jira, embedded, technical, education, microsoft, golang, part time, hr, dev",0,0,2026-06-16,https://remoteOK.com/remote-jobs/remote-24-hr-review-va-virtual-receptionist-onlinejobs-ph-1133516,Not Specified,Not Mentioned
Product Designer Design Systems,Penn Interactive,Remote,"design, product designer, sys admin, game dev, designer, marketing, exec, content writing, digital nomad",0,0,2026-06-16,https://remoteOK.com/remote-jobs/remote-product-designer-design-systems-penn-interactive-1133499,Remote,Not Mentioned
Analyst Customer Success Measurement US,Cint,"New Orleans, New Orleans, Louisiana, United States","exec, content writing, junior, marketing, legal, golang, virtual assistant, design, hr, technical, customer support, copywriting, accounting, video, c, excel, full time, digital nomad, analyst, salesforce, consulting, dev, speech, microsoft, ops, sales, medical",0,0,2026-06-16,https://remoteOK.com/remote-jobs/remote-analyst-customer-success-measurement-us-cint-1133576,United States,Not Mentioned
Back End Developer,"WISK.ai - Inventory Management for Hotels, Restaurants &amp; Bars","Toronto, Toronto, Ontario, Canada","customer support, design, education, technical, dev, marketing, quality assurance, cloud, microsoft, exec, ops, stats, engineer, recruiter, digital nomad, backend, saas, sys admin, front end, serverless, nosql, api",0,0,2026-06-16,https://remoteOK.com/remote-jobs/remote-back-end-developer-wisk-ai-inventory-management-for-hotels-restaurants-amp-bars-1133587,Canada,Not Mentioned
Technical Support Specialist,INNERGY,"Toronto, Toronto, Ontario, Canada","customer support, design, education, technical, dev, marketing, quality assurance, cloud, microsoft, exec, ops, stats, engineer, recruiter, digital nomad",0,0,2026-06-16,https://remoteOK.com/remote-jobs/remote-technical-support-specialist-innergy-1133586,Canada,Not Mentioned
Product Manager,Ripjar,"London, London, England, United Kingdom","analyst, python, education, microsoft, data science, junior, excel, non tech, product manager, exec, saas, infosec, dev, design, quality assurance, finance, ops, marketing, medical, digital nomad",0,0,2026-06-16,https://remoteOK.com/remote-jobs/remote-product-manager-ripjar-1133665,United Kingdom,Not Mentioned
Janitor,The Shaw Group,"Beaumont, ","education, supervisor, testing, medical, non tech, customer support, hr, sys admin, dev, mobile, digital nomad, exec, recruiter, golang, full time, infosec, marketing, finance, cloud, ops, telecom, ecommerce, travel, legal, part time, math, teaching, consulting, engineer, ruby, excel, virtual assistant, music",0,0,2026-06-16,https://remoteOK.com/remote-jobs/remote-janitor-the-shaw-group-1133629,Not Specified,Not Mentioned
Python Developer,Kindgeek,"Lviv, Lviv, Lviv, Ukraine","exec, design, customer support, finance, c, senior, marketing, sales, golang, digital nomad, python, dev, sys admin, infosec, education, architecture, docker, technical, cloud, nosql, mongo, medical, engineer, backend",0,0,2026-06-16,https://remoteOK.com/remote-jobs/remote-python-developer-kindgeek-1133592,Ukraine,Not Mentioned
Administrator 19966,Somewhere,,"music, education, game dev, recruiter, customer support, exec, video, ops, full time, analyst, testing, marketing, finance, microsoft, data science, senior, junior, excel, stats, golang, medical, engineer, design, sys admin, front end, consulting, designer, dev, copywriting, web dev, quality assurance, css, html, ads, content writing, digital nomad, hr, admin",0,0,2026-06-16,https://remoteOK.com/remote-jobs/remote-administrator-19966-somewhere-1133492,Not Specified,Not Mentioned
Customer Support Specialist Tier 1,Yembo,"United States, ","music, education, game dev, recruiter, customer support, exec, video, ops, full time, analyst, testing, marketing, finance, microsoft, data science, senior, junior, excel, stats, golang, medical, engineer, design, sys admin, front end, consulting, designer, dev, copywriting, web dev, quality assurance, css, html, ads, content writing, digital nomad",0,0,2026-06-16,https://remoteOK.com/remote-jobs/remote-customer-support-specialist-tier-1-yembo-1133491,Not Specified,Not Mentioned
Sales Development Representative,Flagler Health,"New York, New York, New York, United States","exec, content writing, junior, marketing, legal, golang, virtual assistant, design, hr, technical, customer support, copywriting, accounting, video, c, excel, full time, digital nomad, analyst, salesforce, consulting, dev, speech, microsoft, ops, sales, medical, data entry, saas, react, sys admin, senior, recruiter",0,0,2026-06-16,https://remoteOK.com/remote-jobs/remote-sales-development-representative-flagler-health-1133578,United States,Not Mentioned
çç£æ¨é²_å»ºè¨­æ¥­åè¨­è¨,æ ªå¼ä¼ç¤¾BALLAS,"Division 1, ","customer support, design, education, technical, dev, marketing, quality assurance, cloud, microsoft, exec, ops, stats, engineer, recruiter, digital nomad, backend, saas, sys admin, front end, serverless, nosql, api, teaching, excel",0,0,2026-06-16,https://remoteOK.com/remote-jobs/,Not Specified,Not Mentioned
Founding Designer,Leap,"San Francisco, San Francisco, California, United States","music, education, game dev, recruiter, customer support, exec, video, ops, full time, analyst, testing, marketing, finance, microsoft, data science, senior, junior, excel, stats, golang, medical, engineer, design, sys admin, front end, consulting, designer, dev, copywriting, web dev, quality assurance, css, html, ads, content writing, digital nomad",0,0,2026-06-16,https://remoteOK.com/remote-jobs/remote-founding-designer-leap-1133489,United States,Not Mentioned
North America Field Marketing and Events Manager,Rithum,United States,"exec, dev, marketing, content writing, senior, ops, sales, ecommerce, digital nomad",0,0,2026-06-16,https://remoteOK.com/remote-jobs/remote-north-america-field-marketing-and-events-manager-rithum-1133458,United States,Not Mentioned
DevSecOps Engineer,TrueML,"Lenexa, Kansas","design, sys admin, infosec, python, education, docker, technical, recruiter, customer support, dev, testing, marketing, travel, devops, javascript, finance, serverless, cloud, api, exec, ops, engineer, digital nomad",0,0,2026-06-16,https://remoteOK.com/remote-jobs/remote-devsecops-engineer-trueml-1133456,Kansas,Not Mentioned
Senior Product Manager,Distru,Remote,"product manager, exec, design, jira, sys admin, technical, dev, testing, marketing, accounting, c, api, senior, ops, sales, engineer, shopify, digital nomad",0,0,2026-06-16,https://remoteOK.com/remote-jobs/remote-senior-product-manager-distru-1133455,Remote,Not Mentioned
Application Support Associate,TurningPoint Healthcare Solutions,"Florida, Florida, United States","sys admin, exec, content writing, ops, marketing, bus dev, sales, customer support, travel, education, medical, full time, technical",0,0,2026-06-16,https://remoteOK.com/remote-jobs/remote-application-support-associate-turningpoint-healthcare-solutions-1133534,United States,Not Mentioned
Research Analyst,Gritter Francona,"Washington, Washington, District of Columbia, United States","consulting, senior, payroll, admin, design, coordinator, strategy, customer support, marketing, travel, speech, video, seo, exec, content writing, stats, social media, digital nomad, testing, accounting, finance, ops, excel, sales, medical, ecommerce, full time, project manager, jira, embedded, technical, education, microsoft, golang, part time, hr, dev, infosec, analyst",0,0,2026-06-15,https://remoteOK.com/remote-jobs/remote-research-analyst-gritter-francona-1133518,United States,Not Mentioned
Utility Locate Technician $22.00 $30.00 hr Springfield Nebraska,ELM Utility Services,"Springfield, ","education, supervisor, testing, medical, non tech, customer support, hr, sys admin, dev, mobile, digital nomad",0,0,2026-06-15,https://remoteOK.com/remote-jobs/remote-utility-locate-technician-22-00-30-00-hr-springfield-nebraska-elm-utility-services-1133603,Not Specified,Not Mentioned
Upper Elementary Online Teacher,Montessori Teachers College,"Ontario, ","customer support, design, education, technical, dev, marketing, quality assurance, cloud, microsoft, exec, ops, stats, engineer, recruiter, digital nomad, backend, saas, sys admin, front end, serverless, nosql, api, teaching",0,0,2026-06-15,https://remoteOK.com/remote-jobs/remote-upper-elementary-online-teacher-montessori-teachers-college-1133588,Not Specified,Not Mentioned
Junior Business &amp; Data Analyst,"Upgrade, Inc.","San Francisco, San Francisco, California, United States","music, education, game dev, recruiter, customer support, exec, video, ops, full time, analyst, testing, marketing, finance, microsoft, data science, senior, junior, excel, stats, golang, medical, engineer",0,0,2026-06-15,https://remoteOK.com/remote-jobs/remote-junior-business-amp-data-analyst-upgrade-inc-1133488,United States,Not Mentioned
Communications Associate,Discord,San Francisco Bay Area,"music, education, game dev, recruiter, customer support, exec, video, ops, full time",0,0,2026-06-15,https://remoteOK.com/remote-jobs/remote-communications-associate-discord-1133487,San Francisco Bay Area,Not Mentioned
Graphic Designer,The Fountain Group,"San Francisco, San Francisco, California, United States","design, salesforce, hr, designer, technical, dev, web dev, video, marketing, digital nomad",0,0,2026-06-15,https://remoteOK.com/remote-jobs/remote-graphic-designer-the-fountain-group-1133453,United States,Not Mentioned
Medical Scribe,Angel City VA Recruitment,,"analyst, medical, excel, non tech, dev, virtual assistant, customer support, exec, ops, digital nomad, recruiter",0,0,2026-06-15,https://remoteOK.com/remote-jobs/remote-medical-scribe-angel-city-va-recruitment-1133442,Not Specified,Not Mentioned
Academic School Mentor &amp; After School Guidance &amp; Flexible Role Â£20 Â£40 hr,FindTutors,"London, London, England, United Kingdom","education, writer, customer support, dev, finance, scheme, microsoft, exec, content writing, medical, engineer, digital nomad, design, ops, sales, hr, teaching",0,0,2026-06-15,https://remoteOK.com/remote-jobs/remote-academic-school-mentor-amp-after-school-guidance-amp-flexible-role-20-40-hr-findtutors-1133528,United Kingdom,Not Mentioned
Junior Front End Developer,Work Force Nexus,"Remote, ","exec, design, consulting, customer support, marketing, finance, c, ops, sales, digital nomad, front end, dev, junior, full time",0,0,2026-06-15,https://remoteOK.com/remote-jobs/remote-junior-front-end-developer-work-force-nexus-1133435,Not Specified,Not Mentioned
Supply Chain Management,Tava Partners,"Pennsylvania, Pennsylvania, United States","music, education, game dev, recruiter, customer support, exec, video, ops, full time, analyst, testing, marketing, finance, microsoft, data science, senior, junior, excel, stats, golang, medical, engineer, design, sys admin, front end, consulting, designer, dev, copywriting, web dev, quality assurance, css, html, ads, content writing, digital nomad",0,0,2026-06-15,https://remoteOK.com/remote-jobs/remote-supply-chain-management-tava-partners-1133490,United States,Not Mentioned
Regional Sales Manager Lucknow,Johnson &amp; Johnson MedTech,Greater Lucknow Area,"exec, marketing, customer support, design, salesforce, technical, web dev, mobile, medical, digital nomad, sys admin, teaching, education, travel, virtual assistant, senior, ops, sales",0,0,2026-06-15,https://remoteOK.com/remote-jobs/remote-regional-sales-manager-lucknow-johnson-amp-johnson-medtech-1133523,Greater Lucknow Area,Not Mentioned
Design Engineer,USB Club,,"engineer, senior, design, dev, front end",80000,130000,2026-06-15,https://remoteOK.com/remote-jobs/remote-design-engineer-usb-club-1133430,Not Specified,"$80,000 - $130,000"
Handyman,Classet,"Rapid City, ","education, supervisor, testing, medical, non tech, customer support, hr, sys admin, dev, mobile, digital nomad, exec, recruiter, golang, full time, infosec, marketing, finance, cloud, ops, telecom, ecommerce, travel, legal, part time, math, teaching, consulting, engineer, ruby, excel",0,0,2026-06-15,https://remoteOK.com/remote-jobs/remote-handyman-classet-1133623,Not Specified,Not Mentioned
Receptionist,INVICTA SOFTWARE,,"dev, digital nomad",0,0,2026-06-15,https://remoteOK.com/remote-jobs/remote-receptionist-invicta-software-1133429,Not Specified,Not Mentioned
Porter Immediate Hire,LV Petroleum LLC,"Williston, ","education, supervisor, testing, medical, non tech, customer support, hr, sys admin, dev, mobile, digital nomad, exec, recruiter, golang, full time, infosec, marketing, finance, cloud, ops, telecom, ecommerce, travel, legal, part time, math, teaching, consulting, engineer, ruby, excel, virtual assistant",0,0,2026-06-15,https://remoteOK.com/remote-jobs/remote-porter-immediate-hire-lv-petroleum-llc-1133627,Not Specified,Not Mentioned
Executive Assistant,Triwill Group,"Ø¯Ø¨Ù, Ø¯Ø¨Ù Ø§ÙØ¥ÙØ§Ø±Ø§Øª Ø§ÙØ¹Ø±Ø¨ÙØ© Ø§ÙÙØªØ­Ø¯Ø©","virtual assistant, technical, customer support, dev, travel, exec, ops, full time, digital nomad",0,0,2026-06-15,https://remoteOK.com/remote-jobs/remote-executive-assistant-triwill-group-1133431,دبي الإمارات العربية المتحدة,Not Mentioned
Conseiller Immobilier neuf Montpellier,Papillon Patrimoine,"Montpellier, Montpellier, Occitanie, France","exec, design, customer support, finance, c, senior, marketing, sales, golang, digital nomad, python, dev, sys admin, infosec, education, architecture, docker, technical, cloud, nosql, mongo, medical, engineer, backend, travel",0,0,2026-06-15,https://remoteOK.com/remote-jobs/remote-conseiller-immobilier-neuf-montpellier-papillon-patrimoine-1133595,France,Not Mentioned
Conseiller Immobilier neuf Paris,Papillon Patrimoine,"Paris, Paris, Ãle-de-France, France","exec, design, customer support, finance, c, senior, marketing, sales, golang, digital nomad, python, dev, sys admin, infosec, education, architecture, docker, technical, cloud, nosql, mongo, medical, engineer, backend, travel",0,0,2026-06-15,https://remoteOK.com/remote-jobs/remote-conseiller-immobilier-neuf-paris-papillon-patrimoine-1133594,France,Not Mentioned
Chief of Staff Operating Partner CEO Office,Stableton Financial AG,"ZÃ¼rich, ZÃ¼rich, ZÃ¼rich, Schweiz","exec, design, consulting, customer support, marketing, finance, c, ops, sales, digital nomad, front end, dev, junior, full time",0,0,2026-06-15,https://remoteOK.com/remote-jobs/remote-chief-of-staff-operating-partner-ceo-office-stableton-financial-ag-1133436,Schweiz,Not Mentioned
Production Utility,FXI,"Santa Teresa, ","testing, design, dev, recruiter, digital nomad, exec, medical",0,0,2026-06-14,https://remoteOK.com/remote-jobs/remote-production-utility-fxi-1133415,Not Specified,Not Mentioned
test,Fluidstack,"San Francisco, ","testing, design, dev, recruiter, digital nomad",0,0,2026-06-14,https://remoteOK.com/remote-jobs/remote-test-fluidstack-1133414,Not Specified,Not Mentioned
Sports Events Coordinator,Work From Home Co.,"California, California, United States","design, salesforce, hr, designer, technical, dev, web dev, video, marketing, digital nomad, work from home, education, coordinator, customer support, travel, exec, ops",0,0,2026-06-13,https://remoteOK.com/remote-jobs/remote-sports-events-coordinator-work-from-home-co-1133454,United States,Not Mentioned
Chat Suppore,OnlineJobs.PH,"à¸«à¹à¸²à¸à¸à¸±à¸à¸£, ","saas, technical, customer support, dev, ops, full time, digital nomad",0,0,2026-06-13,https://remoteOK.com/remote-jobs/remote-chat-suppore-onlinejobs-ph-1133367,Not Specified,Not Mentioned
Administrative Assistant,aramco,"Atlanta, Atlanta, Georgia, United States","virtual assistant, education, customer support, dev, travel, microsoft, exec, ops, excel, medical, digital nomad, sys admin, accounting, content writing, recruiter, speech, consulting, strategy, marketing, video, ads, social media",0,0,2026-06-13,https://remoteOK.com/remote-jobs/remote-administrative-assistant-aramco-1133376,United States,Not Mentioned
SEO Content Writer,Inspira Education,"Remote, USA","teaching, exec, writer, dev, marketing, education, seo, content writing, senior, legal, digital nomad",0,0,2026-06-13,https://remoteOK.com/remote-jobs/remote-seo-content-writer-inspira-education-1133357,USA,Not Mentioned
Customer Experience Associate,Ollie,"Nashville, Nashville, Tennessee, United States","virtual assistant, education, customer support, dev, travel, microsoft, exec, ops, excel, medical, digital nomad, sys admin, accounting, content writing, recruiter, speech",0,0,2026-06-12,https://remoteOK.com/remote-jobs/remote-customer-experience-associate-ollie-1133370,United States,Not Mentioned
Interdisciplinary,US Army Corps of Engineers,"Savannah, ","customer support, dev, mobile, golang, engineer, recruiter, digital nomad",0,0,2026-06-12,https://remoteOK.com/remote-jobs/remote-interdisciplinary-us-army-corps-of-engineers-1133360,Not Specified,Not Mentioned
Logistics & Operations Assistant,Valatam,,"education, testing, web dev, content writing, recruiter, non tech, virtual assistant, ops",0,0,2026-06-12,https://remoteOK.com/remote-jobs/remote-logistics-operations-assistant-valatam-1133356,Not Specified,Not Mentioned
Monitorear noticias sobre panorama informativo con Ã©nfasis en migraciÃ³n,VNU SÃ©nÃ©gal/Gambie,"Greater Porlamar, ","education, testing, web dev, content writing, recruiter, non tech",0,0,2026-06-12,https://remoteOK.com/remote-jobs/remote-monitorear-noticias-sobre-panorama-informativo-con-enfasis-en-migracion-vnu-senegal-gambie-1133355,Not Specified,Not Mentioned
Medical Claims Support I,Moda Health,"Portland, ","virtual assistant, education, customer support, dev, travel, microsoft, exec, ops, excel, medical, digital nomad, sys admin, accounting, content writing, recruiter",0,0,2026-06-12,https://remoteOK.com/remote-jobs/remote-medical-claims-support-i-moda-health-1133369,Not Specified,Not Mentioned
Administrative Assistant,Somewhere,"Latin America, ","dev, web dev, c, excel, non tech, digital nomad, virtual assistant, full time",0,0,2026-06-12,https://remoteOK.com/remote-jobs/remote-administrative-assistant-somewhere-1133350,Not Specified,Not Mentioned
Hotel Storekeeper,Carnival Corporation,"East Grand Bahama, ","customer support, marketing, exec, education, technical, supervisor, testing, microsoft, infosec, finance, ops, legal, medical, coordinator, engineer, dev, digital nomad",0,0,2026-06-12,https://remoteOK.com/remote-jobs/remote-hotel-storekeeper-carnival-corporation-1133476,Not Specified,Not Mentioned
Flagger,FlatironDragados,"San Antonio, ","education, supervisor, testing, medical, non tech, customer support, hr, sys admin, dev, mobile, digital nomad, exec, recruiter",0,0,2026-06-12,https://remoteOK.com/remote-jobs/remote-flagger-flatirondragados-1133604,Not Specified,Not Mentioned
Horario fijo Turno MaÃ±ana Solo de L a S Asesor de Ventas Con o sin Experiencia Planilla completa,Netcall Group,"Lima, Lima, PerÃº","web dev, c",0,0,2026-06-12,https://remoteOK.com/remote-jobs/remote-horario-fijo-turno-manana-solo-de-l-a-s-asesor-de-ventas-con-o-sin-experiencia-planilla-completa-netcall-group-1133410,Perú,Not Mentioned
Skilled Handyman,Red Deer Polytechnic,"Red Deer, ","medical, full time, education, non tech, customer support, dev, marketing, digital nomad",0,0,2026-06-12,https://remoteOK.com/remote-jobs/remote-skilled-handyman-red-deer-polytechnic-1133389,Not Specified,Not Mentioned
